{"cameraMode":{"drawMode":0,"name":"Shaded","section":"Shading Mode"},"sceneLighting":false,"audioPlay":false,"sceneViewState":{"m_AlwaysRefresh":false,"showFog":true,"showSkybox":false,"showFlares":true,"showImageEffects":true,"showParticleSystems":true,"showVisualEffectGraphs":true,"m_FxEnabled":true},"in2DMode":false,"pivot":{"x":-0.0012072660028934479,"y":0.23492535948753358,"z":-4.544854164123535e-7},"rotation":{"x":-0.10348815470933914,"y":0.2872261703014374,"z":-0.03123130276799202,"w":-0.9517452120780945},"size":0.23430263996124268,"orthographic":true}